note_id,type,title,desc,video_url,time,last_update_time,user_id,nickname,avatar,liked_count,collected_count,comment_count,share_count,ip_location,image_list,tag_list,last_modify_ts,note_url,source_keyword,xsec_token
67dd3ea1000000000602ae79,video,好物分享 | 噜噜晓拍戏旅行的防晒小秘诀🈶,"工作间隙，久违的噜噜分享来噜！
夏天马上要到啦，向大家安利一下我最近的防晒好物！
是我出去玩以及拍戏工作会用的防晒哦！
如果你们也正在选防晒，那可以试试我用的这款颜必科空气感防晒，高倍防晒，肤感清爽，安利！#颜必科空气感防晒[话题]##颜必科防晒[话题]##防晒霜推荐[话题]#",http://sns-video-hw.xhscdn.com/stream/79/110/259/01e7dd3ea108b79e0103700395b840f715_259.mp4?sign=a4e7372fdfb091b5858c88c7141144f9&t=69e6417f,1742635827000,1742552738000,5a67827f4eacab25721a35e3,卢昱晓,https://sns-avatar-qc.xhscdn.com/avatar/5dcff044c0185e00013540d7.jpg,9.5万,7775,1360,740,,http://sns-webpic-qc.xhscdn.com/202604202308/9e893be8f76182b29b6162ef7e549d28/1040g2sg31f9o2nddmi704a11nr17udf3dmgk4oo!nd_dft_wlteh_webp_3,"颜必科空气感防晒,颜必科防晒,防晒霜推荐",1776697904959,https://www.xiaohongshu.com/explore/67dd3ea1000000000602ae79?xsec_token=AB_d8OZ6ClmxD5tLt_J8UTV7rLwM1NBFzB6rBmdc5MIOM=&xsec_source=pc_search,防晒霜推荐,AB_d8OZ6ClmxD5tLt_J8UTV7rLwM1NBFzB6rBmdc5MIOM=
6693802b0000000025001a4b,video,花了几十W，防晒霜评测终于来了！,﻿#防晒[话题]#﻿ ﻿#防晒霜[话题]#﻿ ﻿#防晒霜测评[话题]#﻿ ﻿#防晒分享[话题]#﻿ ﻿#防晒好物[话题]#﻿ ﻿#晒黑[话题]#﻿ ﻿#夏天[话题]#﻿ ﻿#三伏天[话题]#﻿ ﻿#618[话题]#﻿,http://sns-video-hw.xhscdn.com/stream/110/259/01e6937e9073e5c30103710390b02f525a_259.mp4?sign=598adb508503dc037f6326e9810c4e36&t=69e64187,1720947682000,1747298846000,572c0cbd5e87e70c4bf3fd56,老爸评测,https://sns-avatar-qc.xhscdn.com/avatar/639028a5521a59dee51df7f0.jpg,9.4万,3.4万,5635,1.2万,,http://sns-webpic-qc.xhscdn.com/202604202308/e43eeceb9d5b71eb769c7277beab6f2c/1040g0083157nkfvt0m0048bgdf6brvamtlfsjpo!nd_dft_wlteh_webp_3,"防晒,防晒霜,防晒霜测评,防晒分享,防晒好物,晒黑,夏天,三伏天,618",1776697904977,https://www.xiaohongshu.com/explore/6693802b0000000025001a4b?xsec_token=ABlTXtB0ZFmL6feCGzroAKVxFI6dA2OKf94Rv21Xw5UmA=&xsec_source=pc_search,防晒霜推荐,ABlTXtB0ZFmL6feCGzroAKVxFI6dA2OKf94Rv21Xw5UmA=
5cb15987000000000d0278f0,video,防晒=防老|4⃣️款平价好用防晒霜推荐🔅,"防晒不等于防黑
防晒=防老‼️
四款好用又平价的防晒霜测评分享，看看哪一款更适合你？今年网红防晒是否好用？记得每天出门都要20分钟前涂好防晒才有效果！室外两小时后补防晒！ @美妆薯  @美妆情报局",http://sns-video-qc.xhscdn.com/1f5a329034315742f5db3bedc5b4dcf2893b65d1?sign=17a9fbdb514d12235722e56cad01d35e&t=69eadece,1555126663000,1556532133000,59631bbb6a6a69700bdeb43b,Rika_花花,https://sns-avatar-qc.xhscdn.com/avatar/1040g2jo31t61ossols0g49lnhgdrnd1ra28b4qo,3.7万,2.5万,740,1905,,http://sns-webpic-qc.xhscdn.com/202604202309/39e1c5af380920872b91986f72497619/7286102a-edc4-33b3-b3ed-598063e32bea!nd_dft_wlteh_webp_3,,1776697905008,https://www.xiaohongshu.com/explore/5cb15987000000000d0278f0?xsec_token=AB0D3oC0z74pbxqdUkc1ZtRGSnugwK8aZ_qdKRYbBALEU=&xsec_source=pc_search,防晒霜推荐,AB0D3oC0z74pbxqdUkc1ZtRGSnugwK8aZ_qdKRYbBALEU=
5e85824b0000000001008a45,video,防晒霜合集，平价照样贵妇感,,http://sns-video-hw.xhscdn.com/3e6b74d15f79c90417cfa0b6bbb34821eb18a80b_v1_ln?sign=f5b9fbdd9a47d549a227c3c11e95b624&t=69e64195,1585807947000,1585807948000,5c4eaa5d0000000012002b41,天然妮,https://sns-avatar-qc.xhscdn.com/avatar/601fcacb6ed6520001436e9f.jpg,1.8万,3880,498,334,,http://sns-webpic-qc.xhscdn.com/202604202309/a7d8e47a535ddc165b670574c61e43ca/7035142e-ead0-3772-b906-07b7b47a63ab!nd_dft_wlteh_webp_3,,1776697905013,https://www.xiaohongshu.com/explore/5e85824b0000000001008a45?xsec_token=ABsgEPgtJykdYWcomM4tvoDrf4zDM9c6Ch7vKGKNGK174=&xsec_source=pc_search,防晒霜推荐,ABsgEPgtJykdYWcomM4tvoDrf4zDM9c6Ch7vKGKNGK174=
60547c490000000021034be2,video,🔆学生党平价防晒霜分享/我真的是无限回购！,hiii这天气热得我呀[石化R]真的觉得夏天已经要提前来了 所以呢 防晒霜可以开始准备起来啦！！以上呢都是我无限回购的防晒霜们 便宜又好用😭,http://sns-video-hw.xhscdn.com/316b57a42d97f9d3b8ef8ccc02e99a1766444e21_r_ln?sign=118e5256a1f864092e7cd9da55d2afec&t=69e6419d,1616149577000,1616149577000,5b653a176b58b732d63ba7eb,小王呼呼,https://sns-avatar-qc.xhscdn.com/avatar/1040g2jo31e99ouo0gs7g4a93eat1f9vb83jg1ro,1.7万,5943,386,249,,http://sns-webpic-qc.xhscdn.com/202604202309/b23c24db89866cdcc70d3987abbc3aaf/6ca86780-9767-3b08-bdae-942ee69bd906!nd_dft_wgth_webp_3,,1776697905061,https://www.xiaohongshu.com/explore/60547c490000000021034be2?xsec_token=ABfJyASjiBa5eVtp5O2Fa9JG0DUcMeYovTJHYy5-vPgzQ=&xsec_source=pc_search,防晒霜推荐,ABfJyASjiBa5eVtp5O2Fa9JG0DUcMeYovTJHYy5-vPgzQ=
68888e660000000023025daf,video,别犹豫了！这些东西风很大但入手真不亏,【本期视频客户让纹路淡淡的哦】,http://sns-video-hw.xhscdn.com/stream/1/110/259/01e8886eb104d6cc01037003985574f530_259.mp4?sign=e9b9ae2488696735ad89fed350d2865b&t=69e641a4,1753869748000,1753884016000,59b62f1550c4b47fbfa368d9,papi酱,https://sns-avatar-qc.xhscdn.com/avatar/59b62f1550c4b47fbfa368d9.jpg,1.6万,3248,627,404,,http://sns-webpic-qc.xhscdn.com/202604202309/26a73b2b101d6caabdf445781aa0fd08/spectrum/1040g34o31kgtl6l22g1049pjunnhaq6pstttlso!nd_dft_wlteh_webp_3,,1776697905063,https://www.xiaohongshu.com/explore/68888e660000000023025daf?xsec_token=ABW0TPZTdd4IQJLqAUw1-GKhVh9kBppuYesryC0rXsAxs=&xsec_source=pc_search,防晒霜推荐,ABW0TPZTdd4IQJLqAUw1-GKhVh9kBppuYesryC0rXsAxs=
694cd1e1000000001e02cba5,video,防晒就是普通人最大的变美红利！1篇教你挑对,"我不允许有人2026年还不会选防晒，
更不允许有人还买到搓泥、假白、没效果的防晒！
一条视频教会你正确挑防晒：
·选【物理防晒】还是【化学防晒】？
·选防晒要看哪些关键点？
·什么样的防晒不需要补涂？
#防晒[话题]# #正确防晒[话题]# #防晒霜[话题]# #防晒霜怎么选[话题]# #物理防晒[话题]# #敏感肌防晒[话题]# #drg防晒[话题]# #drg小绿盾防晒[话题]# #敏感肌[话题]# #敏感肌护肤[话题]#",http://sns-video-hw.xhscdn.com/stream/79/110/259/01e94cd1e16083d7010370039b541501f8_259.mp4?sign=5e61640d06b2b53d91968fb983bab545&t=69e641ab,1766659318000,1766642145000,5d64ec370000000001006277,是你们的康康,https://sns-avatar-qc.xhscdn.com/avatar/1040g2jo31epu5t0vma105nb4tgrg8ojnm7e43o0,1.2万,5725,153,574,,http://sns-webpic-qc.xhscdn.com/202604202309/d3464de480176c9aaa5b5b8422ba4ace/1040g2sg31qgmmp15ng705nb4tgrg8ojn0s1jsd0!nd_dft_wlteh_webp_3,"防晒,正确防晒,防晒霜,防晒霜怎么选,物理防晒,敏感肌防晒,drg防晒,drg小绿盾防晒,敏感肌,敏感肌护肤",1776697905064,https://www.xiaohongshu.com/explore/694cd1e1000000001e02cba5?xsec_token=ABmTcg-p2BF5YGmwlF7oT_5W6ZjYK5ahFrFiIPbq2sDC8=&xsec_source=pc_search,防晒霜推荐,ABmTcg-p2BF5YGmwlF7oT_5W6ZjYK5ahFrFiIPbq2sDC8=
60c593bf0000000021038c1d,video,💥均价50‼️平价大碗身体防晒🔆学生党必囤,选防晒，迪迪首先会考虑泰G澳洲的，防晒力根本都不需要质疑好咩[派对R]再加上他们喜欢各种户外运动🏖对防水防汗的要hin高，国内用妥妥的，而且性价比赛高，今天就来分享一波,http://sns-video-hw.xhscdn.com/2c44b9a2dc2230488569466754da6ec8795b1d5a_r?sign=b841cde924c0e4659b56796ef2adbb52&t=69e641b3,1623561151000,1623561152000,5bc7fe117b4bb00001ed6ac2,苏格拉迪,https://sns-avatar-qc.xhscdn.com/avatar/1040g2jo31s73vkhjls0g4bgjd8v12qm2hgq918o,9820,6346,230,319,,http://sns-webpic-qc.xhscdn.com/202604202309/839fcbb40d41824c9e2c90dcc6791986/cafb16ee-38f3-3b1b-adbc-181243968903!nd_dft_wlteh_webp_3,,1776697905066,https://www.xiaohongshu.com/explore/60c593bf0000000021038c1d?xsec_token=ABGZ9fAqNdH5j7CflX4QcJqBUWU1GB4xRBgkBCvWbHmjE=&xsec_source=pc_search,防晒霜推荐,ABGZ9fAqNdH5j7CflX4QcJqBUWU1GB4xRBgkBCvWbHmjE=
69d79324000000002101150e,video,非常非常非常好用！！,#防晒霜[话题]# #防晒[话题]# #底妆[话题]# #有色面霜[话题]# #素颜霜[话题]# #润色防晒[话题]# #防晒霜推荐[话题]# #防晒隔离二合一推荐[话题]# #伪素颜[话题]# #好物分享[话题]#,http://sns-video-hw.xhscdn.com/stream/79/110/259/01e9dcace2588af3010370039d86042263_259.mp4?sign=6fa07b9a00c68ced3afa3ade2f9a74e9&t=69e641ba,1775796564000,1776069858000,5a7304554eacab7f1cc9fb27,我是霖儿,https://sns-avatar-qc.xhscdn.com/avatar/5fd7a466d3cff70001feeafa.jpg,8476,2649,1288,285,广东,http://sns-webpic-qc.xhscdn.com/202604202309/e5d8ada1c97862d8ea7e677243253d7a/1040g2sg31uo6tfp5iie04a17au25bup7sukpq6o!nd_dft_wlteh_webp_3,"防晒霜,防晒,底妆,有色面霜,素颜霜,润色防晒,防晒霜推荐,防晒隔离二合一推荐,伪素颜,好物分享",1776697905067,https://www.xiaohongshu.com/explore/69d79324000000002101150e?xsec_token=ABvGnC2vT9Q20dbgFbIklOzeEidFfP0FJG91ddCntKUk4=&xsec_source=pc_search,防晒霜推荐,ABvGnC2vT9Q20dbgFbIklOzeEidFfP0FJG91ddCntKUk4=
688d7d170000000023018848,video,均价二三十的身体防晒！巨大巨平价巨好用！,#夏季防晒必备好物[话题]# #户外防晒[话题]# #好用的防晒推荐[话题]# #平价防晒[话题]# #日常防晒[话题]# #防晒分享[话题]#,http://sns-video-hw.xhscdn.com/stream/79/110/259/01e8a03a4abcd8240103700398b1e4e271_259.mp4?sign=4a5b0b6cb4e4805e858c5b5586e89adc&t=69e641c1,1754103063000,1755331147000,5c3b595a000000000503afc8,小悦悦~,https://sns-avatar-qc.xhscdn.com/avatar/60f1a455bf04cc63feb7e9ab.jpg,6851,4586,905,373,,http://sns-webpic-qc.xhscdn.com/202604202309/37995c1cd19ccaeafa40bd6745b87d64/1040g2sg31l85auo2lm005n1rb5d1fbu81g5itdg!nd_dft_wlteh_webp_3,"夏季防晒必备好物,户外防晒,好用的防晒推荐,平价防晒,日常防晒,防晒分享",1776697905069,https://www.xiaohongshu.com/explore/688d7d170000000023018848?xsec_token=AB4KSvgSk4VVKluay7Rc5DFLpPXADdRj07w57fepKowEo=&xsec_source=pc_search,防晒霜推荐,AB4KSvgSk4VVKluay7Rc5DFLpPXADdRj07w57fepKowEo=
68481b52000000002202606a,video,52款防晒真实真晒测评结果大公布,纯绿色的一条视频 #真实测评[话题]# #防晒霜[话题]# #日常防晒[话题]# #夏季防晒[话题]# #每天涂防晒[话题]# #紫外线[话题]# #防晒[话题]# #防晒测评[话题]#,http://sns-video-hw.xhscdn.com/stream/1/110/259/01e8481b5106085b010370039759ae9028_259.mp4?sign=91b8769d83b8537c599f4858fdcf0fa2&t=69e641c9,1749556050000,1749556051000,54e5e55b2e1d931b5e650b27,羊银铃,https://sns-avatar-qc.xhscdn.com/avatar/62b157b0df2da7d653c396c8.jpg,4088,1163,216,79,,http://sns-webpic-qc.xhscdn.com/202604202310/928e187f3b99237b261eb60cb49fa2a4/1040g2sg31ii3c7cs0a00401eujilm2p7jklref8!nd_dft_wlteh_webp_3,"真实测评,防晒霜,日常防晒,夏季防晒,每天涂防晒,紫外线,防晒,防晒测评",1776697905084,https://www.xiaohongshu.com/explore/68481b52000000002202606a?xsec_token=ABBtTQ_1u1TkbFg7R1SbXYLokTCpxLgM94pru_5Y4I0Vs=&xsec_source=pc_search,防晒霜推荐,ABBtTQ_1u1TkbFg7R1SbXYLokTCpxLgM94pru_5Y4I0Vs=
6865088c00000000120217af,video,9️⃣款防晒红黑榜｜不想晒黑的进！一句话总结,"防晒推广五花八门，不知道怎么选？看这条就够了！！
#防晒好物[话题]# #防晒霜[话题]# #防晒测评[话题]# #通勤防晒[话题]# #干皮防晒[话题]# #敏感肌防晒[话题]#",http://sns-video-hw.xhscdn.com/stream/1/110/259/01e865088b173fe10103700397caab4914_259.mp4?sign=bb5ab2d7022255e4a0a27f350c0db405&t=69e641d0,1751451788000,1751451788000,5ad19c204eacab75ce791f72,欧欧欧欧欧欧耶,https://sns-avatar-qc.xhscdn.com/avatar/5e8f150fd3f1bd0001c5db82.jpg,3914,1897,121,207,,http://sns-webpic-qc.xhscdn.com/202604202310/5d94fe7bad8de86c608b749639f3f048/1040g00831je9pb5h34004a4h64e207riiadunqg!nd_dft_wlteh_webp_3,"防晒好物,防晒霜,防晒测评,通勤防晒,干皮防晒,敏感肌防晒",1776697905086,https://www.xiaohongshu.com/explore/6865088c00000000120217af?xsec_token=AByZcSvjxdx3OYhnspwtj8Mg889qcanAJXjxnk9v996K4=&xsec_source=pc_search,防晒霜推荐,AByZcSvjxdx3OYhnspwtj8Mg889qcanAJXjxnk9v996K4=
666db23b000000001c028712,video,广东油皮夏天真爱防晒（自用无广！！！,#防晒霜测评[话题]# #油皮防晒[话题]# #防晒霜分享[话题]#,http://sns-video-hw.xhscdn.com/stream/110/259/01e66db23342760b01037303901c825d16_259.mp4?sign=11d723ed3b0fa5c17b72f4122a653732&t=69e641d7,1718465083000,1718465084000,641321af0000000011022a9f,童姥姥,https://sns-avatar-qc.xhscdn.com/avatar/64147c120e6651da5964ec0b.jpg,3758,2152,263,154,,http://sns-webpic-qc.xhscdn.com/202604202310/8fcc925ff59f542544e9d5d60d2f55ac/1040g2sg3142q81s9ie705p0j46nkcakv698lmco!nd_dft_wlteh_webp_3,"防晒霜测评,油皮防晒,防晒霜分享",1776697905086,https://www.xiaohongshu.com/explore/666db23b000000001c028712?xsec_token=AB-5ALHgnVrqnOpKmwLZaQvNW6xYBtCXACK1fHKWgBGDY=&xsec_source=pc_search,防晒霜推荐,AB-5ALHgnVrqnOpKmwLZaQvNW6xYBtCXACK1fHKWgBGDY=
69e09100000000002301665b,video,《专业厕评》请问是您点的夯爆出游好物吗？,#好物推荐[话题]# #出游[话题]# #防晒[话题]# #玉泽[话题]# #玉泽防晒[话题]# #玉泽500⚡️防晒[话题]#,http://sns-video-hw.xhscdn.com/stream/1/110/259/01e9e09100063414010370039d95387377_259.mp4?sign=1ddafec1a385851d977dcaed74486500&t=69e641de,1776344491000,1776324865000,5945df3f50c4b472366fac88,张姨,https://sns-avatar-qc.xhscdn.com/avatar/1040g2jo30nsd76u21c1049kd6lfjvb48tubig5o,2822,486,368,37,广东,http://sns-webpic-qc.xhscdn.com/202604202310/c1e1daa93c2eb235b86b8cc71067938a/1040g00831v0vpetuii0049kd6lfjvb48idui3pg!nd_dft_wlteh_webp_3,"好物推荐,出游,防晒,玉泽,玉泽防晒,玉泽500⚡️防晒",1776697905087,https://www.xiaohongshu.com/explore/69e09100000000002301665b?xsec_token=ABHYgMlo__i8OAkZcRIl-bk7DwxHluDuGhQCuc5ie76Sw=&xsec_source=pc_search,防晒霜推荐,ABHYgMlo__i8OAkZcRIl-bk7DwxHluDuGhQCuc5ie76Sw=
68dcdf9400000000030202f5,normal,双十一必囤的日用和旅行专用防晒,"[一R]资生堂蓝胖子
旅行必备防晒，当之无愧的🐮，跟朋友去海边，涂了的地方完全没有变黑，没涂防晒的地方直接晒到蜕皮。
挤出来呈液状。我用下来感觉比较偏干，图3图4是成膜后的效果，可以看到它的油膜感不重，更适合油皮
[二R]欧莱雅小金管
性价比拉满的一款日常防晒，防晒效果很好，只要不是阳光暴晒，用它足够了。挤出来是面霜质地，成膜后还是比较油的，我作为偏干皮，很爱这种油膜感，所以常常也把它当作妆前，上底妆不会卡粉，这也是我最喜欢的一点
[三R]安耐晒
也是一款超牛的防晒，出游旅行必备，挤出来呈液状。跟资生堂不同的在于，它用下来比资生堂刺激，我本身是敏感肌，脸部用安耐晒会过敏，所以我一般将资生堂做为脸部防晒，安耐晒作为身体防晒。我本身不喜欢身上涂抹油膜感重的东西，所以日常出门我不会做身体防晒，只有去海边需要暴晒才会使用身体防晒。
总结：欧莱雅小金管日常用，资生堂蓝胖子（脸部用）和安耐晒（身体用）有暴晒的旅行用。
#好用的防晒推荐[话题]# #军训防晒霜[话题]# #干皮防晒[话题]# #防晒乳[话题]# #敏感肌防晒[话题]# #防晒霜分享[话题]# #旅行防晒[话题]# #双十一囤货[话题]#",,1759305620000,1759305621000,5e6c30b40000000001009b80,自在的时髦精,https://sns-avatar-qc.xhscdn.com/avatar/645db54f5a261f69af309a42.jpg,2300,875,96,244,,"http://sns-webpic-qc.xhscdn.com/202604202310/daa2bb3187e4c308a5ab1426a416f037/notes_pre_post/1040g3k831n3bst5ummag5njc62q096s07i52lf0!nd_dft_wlteh_webp_3,http://sns-webpic-qc.xhscdn.com/202604202310/f9a341782e6d08ebae1442a1c20765e5/notes_pre_post/1040g3k831n3bst5umm905njc62q096s0t7p1q5g!nd_dft_wlteh_webp_3,http://sns-webpic-qc.xhscdn.com/202604202310/be5506ada39ac13fb9de0318bca1f30c/notes_pre_post/1040g3k831n3bst5umm9g5njc62q096s046e2qf0!nd_dft_wlteh_webp_3,http://sns-webpic-qc.xhscdn.com/202604202310/82d98ad61db0df1c76c740e1dc8ffb00/notes_pre_post/1040g3k831n3bst5umma05njc62q096s011qtqs8!nd_dft_wlteh_webp_3","好用的防晒推荐,军训防晒霜,干皮防晒,防晒乳,敏感肌防晒,防晒霜分享,旅行防晒,双十一囤货",1776697905089,https://www.xiaohongshu.com/explore/68dcdf9400000000030202f5?xsec_token=ABhu9qz8SWik5WsvFulPN7mzNNk8o5M00sr6BGwurr4Ks=&xsec_source=pc_search,防晒霜推荐,ABhu9qz8SWik5WsvFulPN7mzNNk8o5M00sr6BGwurr4Ks=
6673e578000000001d015bca,video,5️⃣款学生党平价防晒☀️全肤质总结不踩雷🌿❌,#平价好物[话题]# #防晒[话题]# #防晒霜[话题]# #防晒霜测评[话题]# #防晒霜推荐学生[话题]# #防晒霜怎么选[话题]# #学生党平价好物[话题]#,http://sns-video-hw.xhscdn.com/stream/110/259/01e673e5772a7e10010371039034bcc169_259.mp4?sign=4a3da1efb7a5d51033604408f5fb6294&t=69e641ed,1718871416000,1718896117000,5b589709e8ac2b04665f8461,小淇冲冲冲,https://sns-avatar-qc.xhscdn.com/avatar/1040g2jo31q9f9h5i7g704a7gtubgj131js901ao,2233,1198,68,70,,http://sns-webpic-qc.xhscdn.com/202604202310/bf4c55074eef2dd2179024f030e91949/1040g0083148ru79t6i004a7gtubgj131mrtvoi8!nd_dft_wlteh_webp_3,"平价好物,防晒,防晒霜,防晒霜测评,防晒霜推荐学生,防晒霜怎么选,学生党平价好物",1776697905090,https://www.xiaohongshu.com/explore/6673e578000000001d015bca?xsec_token=ABcZO9JT_zUHn587bs9UmkVDlCCcAjN_MJX2gbRu7r6E0=&xsec_source=pc_search,防晒霜推荐,ABcZO9JT_zUHn587bs9UmkVDlCCcAjN_MJX2gbRu7r6E0=
68805518000000001c035125,normal,去新疆9天没黑,"果然没带错防晒，回家以后每个人都问我，你怎么没黑[笑哭R][笑哭R][笑哭R]说实话我觉得双手是黑了点，因为一直在拍照，和朋友互拍来不及戴手套。蓝胖子涂脸，安耐晒涂身体，嘎嘎牛🐮我朋友脸上涂兰蔻黑了两个度，而且在库尔德宁还被晒伤了[捂脸R][捂脸R][捂脸R]所以选防晒霜也要慎重！
物理防晒我也有做，脸基尼，防晒帽，防晒口罩，墨镜，防晒衣（短和长的都有），防晒手套还有双层防晒伞。但说实话，我第三天已经放弃了，最多戴个帽子，防晒衣➕打伞。脸没黑，我觉得防晒霜其实挺重要的。",,1753240856000,1753240964000,5af523b44eacab492287e3f5,momo,https://sns-avatar-qc.xhscdn.com/avatar/1040g2jo31tme5nn77q6g4a57lchr9ovlg2nl9m0,2116,1131,368,224,,http://sns-webpic-qc.xhscdn.com/202604202310/118cc3b5b26da1989eda8c0978274b9d/notes_pre_post/1040g3k031k90d2i72u004a57lchr9ovl4pit7l8!nd_dft_wlteh_webp_3,,1776697905091,https://www.xiaohongshu.com/explore/68805518000000001c035125?xsec_token=ABRuKAl0mSPXILYB7dTz9Ga6hboMSaomcfymwK8fhjVKM=&xsec_source=pc_search,防晒霜推荐,ABRuKAl0mSPXILYB7dTz9Ga6hboMSaomcfymwK8fhjVKM=
68a9798c000000001b031b95,video,真正户外军训必备，超级防晒,#防晒霜推荐[话题]##军训防晒[话题]##户外防晒[话题]##油皮防晒[话题]##珀莱雅盾护防[话题]#,http://sns-video-hw.xhscdn.com/stream/1/110/259/01e8a9798cb86c4b0103700398d603f731_259.mp4?sign=d5aa56ea06003c688ba0249ae44c4267&t=69e641fc,1756032132000,1755937165000,5d2d9e69000000001600000f,歌灵,https://sns-avatar-qc.xhscdn.com/avatar/1040g2jo31ur8lt182a005n9djpklg00fj5i751o,1919,459,68,39,,http://sns-webpic-qc.xhscdn.com/202604202310/c2e12d2323755e6aa4552615bc1dbda7/1040g2sg31lh66lig5oe05n9djpklg00fvvj9vs0!nd_dft_wlteh_webp_3,"防晒霜推荐,军训防晒,户外防晒,油皮防晒,珀莱雅盾护防",1776697905176,https://www.xiaohongshu.com/explore/68a9798c000000001b031b95?xsec_token=ABUiyUlvpOjaJa4eqbuN24IhjkcEMbBW-r8BVhtduN5YM=&xsec_source=pc_search,防晒霜推荐,ABUiyUlvpOjaJa4eqbuN24IhjkcEMbBW-r8BVhtduN5YM=
69e0c01f0000000021004c3d,video,早8多睡半小时的心机 都在这些润色防晒霜里,真的是被品牌营销的各种有色面霜润色防晒bb霜cc霜素颜霜搞得晕头转向，我统一汇总一波懒人防晒，防晒值够夏天从通勤到户外，能提亮懒人能代替粉底液涂一个就能出门。#通勤防晒[话题]# #防晒霜户外[话题]# #防晒霜分享[话题]# #日常防晒[话题]# #防晒霜[话题]# #敏感肌防晒[话题]# #干皮防晒[话题]# #防晒隔离[话题]#,http://sns-video-hw.xhscdn.com/stream/1/110/259/01e9e0a33609d666010370039d95f3da2d_259.mp4?sign=cc92857f595ab8ee56dab44ae4ce5d84&t=69e64203,1776336927000,1776336928000,572f243182ec39401e6b4f57,较真的可乐姐,https://sns-avatar-qc.xhscdn.com/avatar/5dce411a6e27ea00014445ce.jpg,1881,1074,200,86,天津,http://sns-webpic-qc.xhscdn.com/202604202310/5b357fc7be499456b9e0a8fb245949a2/1040g00831v124jgn3u0048bjdgi32jqnjm0ttag!nd_dft_wlteh_webp_3,"通勤防晒,防晒霜户外,防晒霜分享,日常防晒,防晒霜,敏感肌防晒,干皮防晒,防晒隔离",1776697905178,https://www.xiaohongshu.com/explore/69e0c01f0000000021004c3d?xsec_token=ABHYgMlo__i8OAkZcRIl-bk7RULCoDDTevRrL0xuY9lSA=&xsec_source=pc_search,防晒霜推荐,ABHYgMlo__i8OAkZcRIl-bk7RULCoDDTevRrL0xuY9lSA=
6628c1e9000000000401b813,video,这么好用藏着干嘛？真爱防晒大分享,#防晒霜测评[话题]# #防晒[话题]# #防晒霜[话题]# #防晒霜分享[话题]# #姐妹们辛苦投票[PK]#,http://sns-video-hw.xhscdn.com/stream/110/259/01e628c1e869fa35010371038f0f3b012e_259.mp4?sign=1441225b1e3009a02bb85debc93f0c01&t=69e6420a,1713947113000,1713948325000,5ed61b930000000001002407,我是Cody呐,https://sns-avatar-qc.xhscdn.com/avatar/60ed0108291d0c965e0491ff.jpg,1709,583,146,46,,http://sns-webpic-qc.xhscdn.com/202604202311/da4c6a485699405b9b73c158fd97eb6d/1040g2sg311vfmun01o005nmm3e9g8907j63vt60!nd_dft_wlteh_webp_3,"防晒霜测评,防晒,防晒霜,防晒霜分享",1776697905180,https://www.xiaohongshu.com/explore/6628c1e9000000000401b813?xsec_token=ABG7yvyIyNsNm-2hIm2wFv4_qF_uiLJb4PA-cVDmIkhaU=&xsec_source=pc_search,防晒霜推荐,ABG7yvyIyNsNm-2hIm2wFv4_qF_uiLJb4PA-cVDmIkhaU=
69df3ed1000000001a0322d3,video,防晒霜智商税🤦90后给三代人交齐了,#防晒推荐[话题]# #敏感肌防晒[话题]# #通勤防晒[话题]# #日系防晒[话题]# #防晒测评[话题]# #美白防晒[话题]# #夏季防晒[话题]# #户外防晒[话题]# #美白防晒霜[话题]# #防晒乳[话题]#,http://sns-video-hw.xhscdn.com/stream/79/110/259/01e9df3d785601db010370039d90107734_259.mp4?sign=6839f488168593dfa059aa75c69bd455&t=69e6433b,1776238289000,1776238290000,5898835682ec39026b76307c,还是那台导航仪,https://sns-avatar-qc.xhscdn.com/avatar/5fd204f68c43ff000139a29d.jpg,1852,531,62,18,广东,http://sns-webpic-qc.xhscdn.com/202604202316/6db3af353f218a3f205d83cef8327e93/1040g00831uvmdr422a00493u6b1lcc3s20ac8mo!nd_dft_wlteh_webp_3,"防晒推荐,敏感肌防晒,通勤防晒,日系防晒,防晒测评,美白防晒,夏季防晒,户外防晒,美白防晒霜,防晒乳",1776698348912,https://www.xiaohongshu.com/explore/69df3ed1000000001a0322d3?xsec_token=ABjKH-X1I9yu3CIA6lj3BLrpd9CFQiKnlU1XUg6knV_Z0=&xsec_source=pc_search,防晒霜推荐,ABjKH-X1I9yu3CIA6lj3BLrpd9CFQiKnlU1XUg6knV_Z0=
69d72bf1000000001a031ebd,video,2026最新技术防晒霜合集 绝对权威,#防晒[话题]# #防晒霜[话题]#,http://sns-video-hw.xhscdn.com/stream/79/110/259/01e9d72bdc58b41d010370039d7084c189_259.mp4?sign=220cfa6cc86da12ca12a029fda3867e6&t=69e64343,1775793759000,1775795565000,5a0801544eacab71b904659e,哦王小明,https://sns-avatar-qc.xhscdn.com/avatar/5f0ad5ff218ab700011676b4.jpg,1797,687,115,71,北京,http://sns-webpic-qc.xhscdn.com/202604202316/0a43a6080d073143cc6deb972c0549b6/1040g2sg31unqagl22ie049vful0l8pcui6muhfg!nd_dft_wlteh_webp_3,"防晒,防晒霜",1776698348928,https://www.xiaohongshu.com/explore/69d72bf1000000001a031ebd?xsec_token=ABvGnC2vT9Q20dbgFbIklOzWXVBtKger3sz5GBL8_6X0Y=&xsec_source=pc_search,防晒霜推荐,ABvGnC2vT9Q20dbgFbIklOzWXVBtKger3sz5GBL8_6X0Y=
6628c1e9000000000401b813,video,这么好用藏着干嘛？真爱防晒大分享,#防晒霜测评[话题]# #防晒[话题]# #防晒霜[话题]# #防晒霜分享[话题]# #姐妹们辛苦投票[PK]#,http://sns-video-hw.xhscdn.com/stream/110/259/01e628c1e869fa35010371038f0f3b012e_259.mp4?sign=495f397dea5dfddc3dd0f835e6467b23&t=69e6434a,1713947113000,1713948325000,5ed61b930000000001002407,我是Cody呐,https://sns-avatar-qc.xhscdn.com/avatar/60ed0108291d0c965e0491ff.jpg,1709,583,146,46,,http://sns-webpic-qc.xhscdn.com/202604202316/98bc97740937dcc6543e21b99528904d/1040g2sg311vfmun01o005nmm3e9g8907j63vt60!nd_dft_wlteh_webp_3,"防晒霜测评,防晒,防晒霜,防晒霜分享",1776698348955,https://www.xiaohongshu.com/explore/6628c1e9000000000401b813?xsec_token=ABG7yvyIyNsNm-2hIm2wFv4_qF_uiLJb4PA-cVDmIkhaU=&xsec_source=pc_search,防晒霜推荐,ABG7yvyIyNsNm-2hIm2wFv4_qF_uiLJb4PA-cVDmIkhaU=
69a2c53b000000001a030ac9,video,在大促广告营销之前，无广测评真的很重要,#护肤[话题]# #防晒霜[话题]# #防晒测评[话题]#,http://sns-video-hw.xhscdn.com/stream/79/110/259/01e9a2c15b45d6fc010370039ca3d5f149_259.mp4?sign=ff1f16917391bd52dc6a0096bf2decad&t=69e64351,1772275003000,1772530307000,601768570000000001002440,暴躁老弟,https://sns-avatar-qc.xhscdn.com/avatar/1040g2jo31djjp9np0k105o0nd1bg89203gnf39g,1663,828,149,68,,http://sns-webpic-qc.xhscdn.com/202604202316/b24938150b34ab7e5941d4d09daa76b2/spectrum/1040g0k031t8ehqm16e005o0nd1bg8920dehfpio!nd_dft_wlteh_webp_3,"护肤,防晒霜,防晒测评",1776698348962,https://www.xiaohongshu.com/explore/69a2c53b000000001a030ac9?xsec_token=ABwh_xVVneEllXpqfLjA0CaE3wMNZxGe3Vy0kQ2SzGpXU=&xsec_source=pc_search,防晒霜推荐,ABwh_xVVneEllXpqfLjA0CaE3wMNZxGe3Vy0kQ2SzGpXU=
65febb2c0000000012037393,video,平价好用防晒大推荐！！不好用请扇我,"不想花冤枉钱也想夏天不被晒黑看我这一期就够啦[赞R][赞R]
	
#防晒霜分享[话题]# #防晒霜测评[话题]# #防晒霜[话题]# #爱用好物[话题]# #自用好物[话题]# #分享爱用物[话题]# #大学生[话题]# #平价好物[话题]# #夏天[话题]# #原相机[话题]# #好物分享[话题]# #平价防晒[话题]# #好物推荐[话题]# #平价防晒[话题]# #防晒分享[话题]# #学生党平价好物[话题]# #防晒霜[话题]#",http://sns-video-hw.xhscdn.com/stream/110/259/01e5febb2b116127010377038e6b1515df_259.mp4?sign=8252b43deadeb305d1e4b79947b9ee66&t=69e64359,1711192876000,1711192876000,61c876020000000010004caf,桃本小琳.,https://sns-avatar-qc.xhscdn.com/avatar/1040g2jo31iq24b2r1a005oe8eo140j5fp50rgf0,1527,603,141,36,,http://sns-webpic-qc.xhscdn.com/202604202316/507bca117342325a958ff709b13fa632/1040g008310mehu1tmi005oe8eo140j5fl6077fg!nd_dft_wlteh_webp_3,"防晒霜分享,防晒霜测评,防晒霜,爱用好物,自用好物,分享爱用物,大学生,平价好物,夏天,原相机,好物分享,平价防晒,好物推荐,防晒分享,学生党平价好物",1776698348990,https://www.xiaohongshu.com/explore/65febb2c0000000012037393?xsec_token=AB37Zha3RYubEwhkHPSvsOa_oC7oXOVSOtgNYFw8lIrWI=&xsec_source=pc_search,防晒霜推荐,AB37Zha3RYubEwhkHPSvsOa_oC7oXOVSOtgNYFw8lIrWI=
69d393ee000000002200fe06,normal,Torriden 防晒,"这一款 还挺方便的。
今年好多都流行这种棒状防晒
然后脖子手背涂抹挺方便的
不会油腻 一会儿就干了
凉凉的 很舒服
推荐推荐#韩女的秘密[话题]# #护肤就爱小众品牌[话题]# #好用的防晒推荐[话题]# #小众护肤[话题]# #油皮防晒[话题]# #韩系彩妆[话题]# #敏感肌防晒[话题]# #物化结合防晒[话题]# #防晒霜测评[话题]# #防晒霜分享[话题]#",,1775473646000,1775473647000,5e1dd4fd00000000010051e3,夏赫星野,https://sns-avatar-qc.xhscdn.com/avatar/1040g2jo31q7k6cg2gc005ngtqjug8kf37vehg6g,1492,522,105,232,新疆,"http://sns-webpic-qc.xhscdn.com/202604202316/8609bc7af303c9a3431fe05c4be00015/notes_uhdr/1040g3qo31uka0uutis705ngtqjug8kf3hc9olro!nd_dft_wlteh_webp_3,http://sns-webpic-qc.xhscdn.com/202604202316/d7ecd54338903daed83ad2547f3b0eaa/notes_uhdr/1040g3qo31uka0uutis7g5ngtqjug8kf3dn8aoa0!nd_dft_wlteh_webp_3,http://sns-webpic-qc.xhscdn.com/202604202316/e5676b60a9919f89599bbd466eb54d30/notes_uhdr/1040g3qo31uka0uutis805ngtqjug8kf36pondbg!nd_dft_wlteh_webp_3,http://sns-webpic-qc.xhscdn.com/202604202316/955234f15ce1db1943c35b8e5daab637/notes_uhdr/1040g3qo31uka0uutis8g5ngtqjug8kf3dagcovg!nd_dft_wlteh_webp_3","韩女的秘密,护肤就爱小众品牌,好用的防晒推荐,小众护肤,油皮防晒,韩系彩妆,敏感肌防晒,物化结合防晒,防晒霜测评,防晒霜分享",1776698348994,https://www.xiaohongshu.com/explore/69d393ee000000002200fe06?xsec_token=ABkrbZtr0T8umWzcLaqgsM9IWo1RQE5XZq5JwDHgdJJ7Q=&xsec_source=pc_search,防晒霜推荐,ABkrbZtr0T8umWzcLaqgsM9IWo1RQE5XZq5JwDHgdJJ7Q=
6874ccc2000000001202e3a3,video,4️⃣毛1ml💦！身体防晒需要满足这些条件！！！,#身体防晒[话题]# #每天涂防晒[话题]# #平价防晒[话题]# #军训防晒霜[话题]# #夏季防晒必备好物[话题]# #防晒霜分享[话题]# #爱用物分享[话题]# #防晒霜[话题]#,http://sns-video-hw.xhscdn.com/stream/1/110/259/01e874cc0d8132ce01037003980840f7a3_259.mp4?sign=878584e6646812dbef1c1c01d4df31ff&t=69e64367,1752485058000,1752485058000,61077a7b0000000001003ea1,张冰楠子,https://sns-avatar-qc.xhscdn.com/avatar/1040g2jo31t29qpn55s0g5o87f9tg8fl1bp1hf30,1344,593,87,59,,http://sns-webpic-qc.xhscdn.com/202604202316/53aebb02b29fcdec92eacd7d0448d177/1040g00831jto4b0vio005o87f9tg8fl18sj2830!nd_dft_wlteh_webp_3,"身体防晒,每天涂防晒,平价防晒,军训防晒霜,夏季防晒必备好物,防晒霜分享,爱用物分享,防晒霜",1776698348997,https://www.xiaohongshu.com/explore/6874ccc2000000001202e3a3?xsec_token=ABjcco-NNBtDPozuBbfu4BXaoqY7Njg16AxGlsGEcD8J4=&xsec_source=pc_search,防晒霜推荐,ABjcco-NNBtDPozuBbfu4BXaoqY7Njg16AxGlsGEcD8J4=
69cd2040000000002103831a,video,所有油皮去用 你们会回来谢我的,#油皮防晒[话题]##防晒霜推荐[话题]##曼秀雷敦小粉帽[话题]##曼秀雷敦防晒[话题]##新碧小粉帽[话题]##新碧防晒[话题]##美妆好物大赏[话题]#,http://sns-video-hw.xhscdn.com/stream/79/110/259/01e9cd203f58bf1f010370039d4948a462_259.mp4?sign=254c07ef7905ec58c40db48f78380dfd&t=69e6436f,1775891268000,1776154175000,648c7e3e000000001001fb67,你的10块,https://sns-avatar-qc.xhscdn.com/avatar/1040g2jo31jidu9l232005p4cfov43ur7mhj45l8,1264,471,83,55,上海,http://sns-webpic-qc.xhscdn.com/202604202317/cec50747adb9b54e96e6e0efbd624713/1040g2sg31ucpl8upigm05p4cfov43ur7l7alt7o!nd_dft_wlteh_webp_3,"油皮防晒,防晒霜推荐,曼秀雷敦小粉帽,曼秀雷敦防晒,新碧小粉帽,新碧防晒,美妆好物大赏",1776698349043,https://www.xiaohongshu.com/explore/69cd2040000000002103831a?xsec_token=ABJ4o5S6tGW9kIRWX3ei7_Jq6KLxulrWm2rkeSvrMPXQ0=&xsec_source=pc_search,防晒霜推荐,ABJ4o5S6tGW9kIRWX3ei7_Jq6KLxulrWm2rkeSvrMPXQ0=
69e0b069000000001a02e243,video,买防晒总踩雷？按需pick！润色？美白？项目后？,#防晒霜分享[话题]# #美白防晒霜[话题]# #防晒测评[话题]# #防晒霜[话题]# #好用的防晒推荐[话题]# #润色防晒[话题]# #油皮防晒[话题]# #物化结合防晒[话题]# #敏感肌防晒[话题]# #平价防晒[话题]#,http://sns-video-hw.xhscdn.com/stream/1/110/259/01e9e622c2063d7c010370039daafad41e_259.mp4?sign=c03b47492feec3c6bd68a91b0a0cebb5&t=69e64376,1776424860000,1776689861000,593ac31d4f8fd674cc66ad64,绵绵啊,https://sns-avatar-qc.xhscdn.com/avatar/62842e80ce02bffdfd80d96d.jpg,1242,557,34,8,河南,http://sns-webpic-qc.xhscdn.com/202604202317/fa4150c79bdb0b0109fa052179bfdb02/1040g2sg31v4ep8ri3qe049jg3t1hrbb4vrd65qo!nd_dft_wlteh_webp_3,"防晒霜分享,美白防晒霜,防晒测评,防晒霜,好用的防晒推荐,润色防晒,油皮防晒,物化结合防晒,敏感肌防晒,平价防晒",1776698349045,https://www.xiaohongshu.com/explore/69e0b069000000001a02e243?xsec_token=ABHYgMlo__i8OAkZcRIl-bk2oLkoVXpf8krQIBW7rkMmU=&xsec_source=pc_search,防晒霜推荐,ABHYgMlo__i8OAkZcRIl-bk2oLkoVXpf8krQIBW7rkMmU=
68a7cd4e000000001d0218a3,normal,可以一直相信的五支防晒！！！,"无广！！！马上就要开学军训了，这几支不管是日常通勤还是暴晒都是很出众的表现！！！
#夏季防晒[话题]# #军训晒不黑[话题]# #防晒霜户外[话题]# #每天涂防晒[话题]#",,1755827534000,1755827535000,65867eea000000001c03fc5c,很哇塞的桐姐,https://sns-avatar-qc.xhscdn.com/avatar/1040g2jo31kmcmhel2o005pc6frl77v2s87o60fg,1184,618,288,77,,http://sns-webpic-qc.xhscdn.com/202604202317/2db4e8e42e1126735f8df1b5ccd1f25e/1040g2sg31lfhv2485ms05pc6frl77v2se9tvs00!nd_dft_wgth_webp_3,"夏季防晒,军训晒不黑,防晒霜户外,每天涂防晒",1776698349046,https://www.xiaohongshu.com/explore/68a7cd4e000000001d0218a3?xsec_token=ABJPSK2TERJmzgrukGiEoHYaJT2dhy8hDe5T0ixBeUaZs=&xsec_source=pc_search,防晒霜推荐,ABJPSK2TERJmzgrukGiEoHYaJT2dhy8hDe5T0ixBeUaZs=
69ca5b1b00000000230217a0,video,油痘敏肌的天菜防晒，不给别家留活路了！,#通勤防晒[话题]# #防晒干货[话题]# #珀莱雅蓝管防晒[话题]# #油痘敏肌[话题]# #肤感好的防晒[话题]#  #防晒霜测评[话题]#,http://sns-video-hw.xhscdn.com/stream/79/110/259/01e9cb32a058f07b010370039d41c05a99_259.mp4?sign=43c5a91878a5f4d803aba2d4abf52506&t=69e64385,1774869275000,1774924456000,5dc0e8c90000000001004610,骆王宇,https://sns-avatar-qc.xhscdn.com/avatar/6486ee532aa52ff9c54baf6a.jpg,1178,454,160,125,上海,http://sns-webpic-qc.xhscdn.com/202604202317/a1110cb5e16b16d1b202c91a3cefcc01/1040g2sg31ub9jgfjhu005ne0t34g8hgg59hdla0!nd_dft_wlteh_webp_3,"通勤防晒,防晒干货,珀莱雅蓝管防晒,油痘敏肌,肤感好的防晒,防晒霜测评",1776698349047,https://www.xiaohongshu.com/explore/69ca5b1b00000000230217a0?xsec_token=ABrCErkQSTJRrje1Lrev2AsMcJqp3SRspCzmnBo3Yso_U=&xsec_source=pc_search,防晒霜推荐,ABrCErkQSTJRrje1Lrev2AsMcJqp3SRspCzmnBo3Yso_U=
69c0e69b000000002100484c,video,为肤感而生的4只防晒！用一次惊艳一次！,#防晒[话题]# #防晒推荐[话题]# #防晒霜[话题]# #油皮防晒[话题]# #干皮防晒[话题]# #骆驼美白防晒霜[话题]# #修丽可防晒[话题]# #香奈儿防晒[话题]# #科颜氏防晒[话题]# #防晒怎么选[话题]#,http://sns-video-hw.xhscdn.com/stream/1/110/259/01e9c0e69b263cfa010370039d19862f45_259.mp4?sign=d94b156dd91e274266e717e6430ad71e&t=69e6438c,1774260315000,1774249628000,665be8b60000000003030080,shio羊咩咩,https://sns-avatar-qc.xhscdn.com/avatar/1040g2jo31f894v145u605pirt2r0u040fj17vig,1122,1019,33,4,广东,http://sns-webpic-qc.xhscdn.com/202604202317/16dbdd6834cfaf8c8d8b95ef47ef22bc/1040g00831u2202pd1g005pirt2r0u0406a403kg!nd_dft_wlteh_webp_3,"防晒,防晒推荐,防晒霜,油皮防晒,干皮防晒,骆驼美白防晒霜,修丽可防晒,香奈儿防晒,科颜氏防晒,防晒怎么选",1776698349048,https://www.xiaohongshu.com/explore/69c0e69b000000002100484c?xsec_token=ABkaiNavwakKGJNYZoA3Af7IiUdq3ag9nz8Ch6UAHgsVw=&xsec_source=pc_search,防晒霜推荐,ABkaiNavwakKGJNYZoA3Af7IiUdq3ag9nz8Ch6UAHgsVw=
69ce46ac000000002302367e,video,别买大牌了‼️这5支小众防晒才是真神✨肤感绝,#防晒[话题]# #防晒霜[话题]# #防晒霜推荐[话题]# #日常防晒[话题]#  #防晒隔离[话题]# #每天涂防晒[话题]# #防晒推荐[话题]# #干皮防晒[话题]# #油皮防晒[话题]# #通勤防晒[话题]#,http://sns-video-hw.xhscdn.com/stream/1/110/259/01e9ce466d527931010370039d4dc593f3_259.mp4?sign=87f0309e8749899fb79bb909e55675a4&t=69e64393,1775126188000,1775126189000,5432a5e8d6e4a978191c1536,BoBo Special,https://sns-avatar-qc.xhscdn.com/avatar/1040g2jo31r46rlalgm00400alhiug59m5f3t7d8,1098,884,98,61,北京,http://sns-webpic-qc.xhscdn.com/202604202317/09c571aa24620e0d3f496cc60f481a7f/1040g2sg31uf49a74j470400alhiug59mht9kqrg!nd_dft_wlteh_webp_3,"防晒,防晒霜,防晒霜推荐,日常防晒,防晒隔离,每天涂防晒,防晒推荐,干皮防晒,油皮防晒,通勤防晒",1776698349050,https://www.xiaohongshu.com/explore/69ce46ac000000002302367e?xsec_token=ABzWCnnBvyJMmFmShRx0Ks3UOVo0ozDLXw78-BvX9CkCI=&xsec_source=pc_search,防晒霜推荐,ABzWCnnBvyJMmFmShRx0Ks3UOVo0ozDLXw78-BvX9CkCI=
69c4c513000000001a032eaf,video,防晒界销量的TOP10！哪款值得买？无广红黑榜,#明星不止AB面[话题]##好用的防晒推荐[话题]# #重新定义防晒力挑战[话题]##防晒[话题]# #防晒霜[话题]# #敏感肌防晒[话题]# #身体防晒[话题]#,http://sns-video-hw.xhscdn.com/stream/1/110/259/01e9c4c512232f6d010370039d28a436ef_259.mp4?sign=04870954369b13b2371c497b2d4e59a2&t=69e6439a,1774503187000,1774503187000,5b12856d11be1026a91d6762,鹏鹏儿,https://sns-avatar-qc.xhscdn.com/avatar/5f33b4dcdab0e30001ff4934.jpg,1074,530,161,68,浙江,http://sns-webpic-qc.xhscdn.com/202604202317/1e194d94010df75ecbc366888f049ab2/1040g00831u55kvg6iq004a5sc92mqpr2lkop6bo!nd_dft_wlteh_webp_3,"明星不止AB面,好用的防晒推荐,重新定义防晒力挑战,防晒,防晒霜,敏感肌防晒,身体防晒",1776698349051,https://www.xiaohongshu.com/explore/69c4c513000000001a032eaf?xsec_token=ABqNsB0v6AzN8J1PPdRNV4yPijf36QrYvS4JudHx05UJg=&xsec_source=pc_search,防晒霜推荐,ABqNsB0v6AzN8J1PPdRNV4yPijf36QrYvS4JudHx05UJg=
69d1e817000000002301c099,normal,油皮防晒最严厉的母亲。。。,"作为每天都要和防晒打交道的人，用过这么多防晒，也算用过好东西，但还是被这支不到百元的小黄帽防晒带来的体验感震撼到了……
	
在油皮还在纠结到底是选肤感还是选防晒力的时候，蜜丝婷新升级的第七代已经一步做到位！
它超级懂油皮想要的肤感！
	
以前用的防晒要么黏糊糊像糊了层猪油，要么假白搓泥，连底妆都卡到裂开…这瓶挤出来是清透的乳液感，推开秒成膜！上脸是雾蒙蒙的哑光感，完全不泛油光，后续跟妆服帖到离谱，连我最容易卡粉的鼻翼都没翻车！而且0酒精添加，敏肌可用，偶偶冒痘擦也不刺痛
	
肤感这么舒服就算了，防晒硬实力是真的能打，一点不玩虚的！
实测SPF78 PA++++，全波段覆盖防晒黑、防晒老，从源头抑制黑色素生成。
	
我之前一到夏天就很容易晒黑、晒出色差，颧骨那边还容易长淡淡的晒印，连熬夜后的垮脸感都更明显。这次天天出门、大太阳底下到处跑，居然一点没晒黑！脸也没泛红发烫，整张脸都稳稳当当的。
	
它里面还添加了2%超级烟酰胺和超肽VC，用久了脸上那种晒斑、痘印都淡了很多，整个人皮肤质感提升了不少！
	
综合体验下来，再算算价格，它的性价比真的直接打穿地板！
一瓶能用小半年，算下来每天才一块多！比我之前买的大牌防晒还好用，现在已经囤了两瓶！
#蜜丝婷防晒[话题]##mistine防晒[话题]##蜜丝婷第七代小黄帽[话题]# #蜜丝婷防晒[话题]##油皮防晒[话题]##混油敏皮防晒[话题]##黄黑皮救星[话题]##养肤防晒[话题]# #夏日防晒必备[话题]##平价防晒天花板[话题]#",,1775379555000,1775466194000,5feb16bb0000000001004300,静静的安全小土豆,https://sns-avatar-qc.xhscdn.com/avatar/1040g2jo31937b73g54005nvb2qtg8go0cogeevg,1074,495,107,35,上海,"http://sns-webpic-qc.xhscdn.com/202604202317/96af3c0bab7d041d67cd2d22ea6f5d1f/1040g2sg31uiless22aeg5nvb2qtg8go01e1u2to!nd_dft_wlteh_webp_3,http://sns-webpic-qc.xhscdn.com/202604202317/ff3387a348f468d5203ba7d25a8691df/1040g2sg31uiless22ae05nvb2qtg8go0ekc6gkg!nd_dft_wlteh_webp_3","蜜丝婷防晒,mistine防晒,蜜丝婷第七代小黄帽,油皮防晒,混油敏皮防晒,黄黑皮救星,养肤防晒,夏日防晒必备,平价防晒天花板",1776698349093,https://www.xiaohongshu.com/explore/69d1e817000000002301c099?xsec_token=ABjs9EpOmurutQZEPAk219U5DCcQJR3Rclah6q37bIj-0=&xsec_source=pc_search,防晒霜推荐,ABjs9EpOmurutQZEPAk219U5DCcQJR3Rclah6q37bIj-0=
69df595c00000000230214ca,normal,跟着韩女，把皮肤底子养好的防晒！,#通勤防晒[话题]# #防晒测评[话题]# #防晒也能清爽[话题]# #敏感肌防晒[话题]# #日常防晒[话题]# #每天涂防晒[话题]# #防晒霜分享[话题]# #蜜丝婷防晒[话题]# #防晒推荐[话题]# #我就说上网一定能学到东西[话题]#,,1776247503000,1776245084000,66507b98000000000303088e,是不咩学姐,https://sns-avatar-qc.xhscdn.com/avatar/1040g2jo31ue6tdruhu0g5pigfec0u24e939277g,1057,434,88,18,安徽,"http://sns-webpic-qc.xhscdn.com/202604202318/f2a1c3592dafd11fba10f829fb6f511f/1040g00831uvprbfehu105pigfec0u24eeo7ve20!nd_dft_wlteh_webp_3,http://sns-webpic-qc.xhscdn.com/202604202318/d892d2b216e37b5cf2e3a8eef31f1356/1040g00831uvprbfehu0g5pigfec0u24ec1ktabg!nd_dft_wlteh_webp_3,http://sns-webpic-qc.xhscdn.com/202604202318/85409294d8ab8dfce3311f66cb76ee41/1040g00831uvprbfehu005pigfec0u24eqn7gj98!nd_dft_wlteh_webp_3","通勤防晒,防晒测评,防晒也能清爽,敏感肌防晒,日常防晒,每天涂防晒,防晒霜分享,蜜丝婷防晒,防晒推荐,我就说上网一定能学到东西",1776698349094,https://www.xiaohongshu.com/explore/69df595c00000000230214ca?xsec_token=ABjKH-X1I9yu3CIA6lj3BLrk5V_icsDxIMvQO7wLf720E=&xsec_source=pc_search,防晒霜推荐,ABjKH-X1I9yu3CIA6lj3BLrk5V_icsDxIMvQO7wLf720E=
69b2763c000000000b036e7b,normal,用来用去还是它最好…………,"目前为止大干皮用到肤感最舒服的防晒！去年已经用空三四支了，正好最近回购了来分享一下！！
最开始是冲着它的防晒+美白淡斑双特证去的，去年夏天的时候用着就是不仅晒不黑，而且还能越来越白净。。后面用空两管，还惊奇地发现，就连我脸上的一些深色斑点也淡了！有时候我去运动都直接涂这个，SPF50+PA+++的防晒值确实靠谱！！
	
而且我后面还开辟了个新用法，直接把它当成妆前乳来用，竟然比我之前买的大多数妆前乳都好使！上脸是那种微微提亮的感觉，但不会假白！很好的把气色直接抬了起来！再加上它的乳液质地，上脸滋润度对我来说都够用了，不用再另外去涂妆前霜或者去做保湿！后面跟妆巨服帖巨自然，带妆持久度都比之前好了很多。。真的🐮！！！！
#好物分享[话题]# #防晒霜推荐[话题]# #防晒推荐[话题]# #好用的防晒[话题]# #防晒霜怎么选[话题]# #珀莱雅[话题]# #珀莱雅超膜银管[话题]##美白防晒[话题]#",,1773311206000,1773333349000,66cc15bf000000001d032c6b,快说琪琪很美腻,https://sns-avatar-qc.xhscdn.com/avatar/675d15a731801ace5973212b.jpg,1051,430,61,10,,"http://sns-webpic-qc.xhscdn.com/202604202318/3f44d5fece04fd0706964dc463fa4b46/1040g00831tjs98797e005pmc2mvneb3b7saldag!nd_dft_wlteh_webp_3,http://sns-webpic-qc.xhscdn.com/202604202318/8131ef9c3a64f6d8aab1305d2a288abd/1040g00831tjs98797e0g5pmc2mvneb3bikcapsg!nd_dft_wlteh_webp_3","好物分享,防晒霜推荐,防晒推荐,好用的防晒,防晒霜怎么选,珀莱雅,珀莱雅超膜银管,美白防晒",1776698349095,https://www.xiaohongshu.com/explore/69b2763c000000000b036e7b?xsec_token=ABeXdsspbq8jVXDHktSKl12XcFoV9Mrvps8nyBDKKDZCU=&xsec_source=pc_search,防晒霜推荐,ABeXdsspbq8jVXDHktSKl12XcFoV9Mrvps8nyBDKKDZCU=
64ccdd05000000000103f103,video,我的私藏防晒霜合集｜模特自用真爱户外防晒,"个个都是心头爱
都是回购无数次的
#好用的防晒霜[话题]# #防晒分享[话题]# #防晒推荐[话题]#",http://sns-video-hw.xhscdn.com/stream/110/259/01e4ccdd05e802e30103770389c0478402_259.mp4?sign=874ffb885e0819cf0332f54c91351714&t=69e643b8,1691147525000,1691147526000,5b3d7c5111be10475a61a219,张夕沐,https://sns-avatar-qc.xhscdn.com/avatar/1040g2jo30u95uluel40g4a6rmpu538gpgd4ooeg,1010,398,22,30,,http://sns-webpic-qc.xhscdn.com/202604202318/2389982750b03e4b1bb2bc8f46fb2603/1040g00830nbnts506g004a6rmpu538gp24ufsqo!nd_dft_wlteh_webp_3,"好用的防晒霜,防晒分享,防晒推荐",1776698349097,https://www.xiaohongshu.com/explore/64ccdd05000000000103f103?xsec_token=ABj7dP-7VSIY2Fi8m295InPN099_2uTd2CKxCvjFz6fXg=&xsec_source=pc_search,防晒霜推荐,ABj7dP-7VSIY2Fi8m295InPN099_2uTd2CKxCvjFz6fXg=
69e1de6a0000000022002cad,normal,防晒还能紧致？POLA真是把各种光玩明白了,#POLA[话题]# #pola[话题]# #POLABA[话题]# #pola黑ba[话题]# #POLA防晒[话题]# #pola防晒霜[话题]# #防晒霜推荐[话题]# #通勤防晒[话题]# #大牌防晒[话题]##贵妇护肤品[话题]#,,1776562297000,1776410218000,67f5b2c2000000000a03f75f,糊弄学精致代言人,https://sns-avatar-qc.xhscdn.com/avatar/1040g2jo31ilf0dsr0a0g5pvlmb12ntqvto3s5qo,960,730,64,48,湖北,"http://sns-webpic-qc.xhscdn.com/202604202318/4d28d240b49775400926d524d90be003/1040g00831v20le782g2g5pvlmb12ntqvfv7p8lg!nd_dft_wlteh_webp_3,http://sns-webpic-qc.xhscdn.com/202604202318/a95e804c5ccd321ea157dab60505c98f/1040g00831v20le782g305pvlmb12ntqvr10fuf0!nd_dft_wlteh_webp_3,http://sns-webpic-qc.xhscdn.com/202604202318/8be98771f122357612c0f15d31ecdd1c/1040g00831v20le782g3g5pvlmb12ntqvu09o6oo!nd_dft_wlteh_webp_3,http://sns-webpic-qc.xhscdn.com/202604202318/4c96e3732c4402675aea962a346184b1/1040g00831v20le782g405pvlmb12ntqvrdisl9o!nd_dft_wlteh_webp_3","POLA,pola,POLABA,pola黑ba,POLA防晒,pola防晒霜,防晒霜推荐,通勤防晒,大牌防晒,贵妇护肤品",1776698349098,https://www.xiaohongshu.com/explore/69e1de6a0000000022002cad?xsec_token=AB0xeebC7-edmceLJcrzadEXFuqoVOSI0C7KteULwEsWM=&xsec_source=pc_search,防晒霜推荐,AB0xeebC7-edmceLJcrzadEXFuqoVOSI0C7KteULwEsWM=
687f6185000000001703377b,video,5个！防晒界的尖子生！各有各的硬实力！,#理肤泉大哥大[话题]# #理肤泉防晒[话题]# #资生堂蓝胖子[话题]# #mistine防晒[话题]# #hacci防晒[话题]# #兰蔻防晒[话题]# #户外防晒[话题]# #夏天防晒[话题]# #防晒推荐[话题]# #军训防晒[话题]#,http://sns-video-hw.xhscdn.com/stream/79/110/259/01e87f617a7031b001037003983196365e_259.mp4?sign=82e2cfb3cb8285da7f4b26a7b84b9d7c&t=69e643c6,1753179552000,1753287324000,552db6ae9c5a6e70a93a198a,是浪浪鸭-,https://sns-avatar-qc.xhscdn.com/avatar/5dff622cef289b00013322cc.jpg,905,610,19,84,,http://sns-webpic-qc.xhscdn.com/202604202318/2560fb5d9431e27509982114c1904ccd/1040g00831k9lv55eiu0g40fg48ras6caravc4u8!nd_dft_wlteh_webp_3,"理肤泉大哥大,理肤泉防晒,资生堂蓝胖子,mistine防晒,hacci防晒,兰蔻防晒,户外防晒,夏天防晒,防晒推荐,军训防晒",1776698349099,https://www.xiaohongshu.com/explore/687f6185000000001703377b?xsec_token=ABfRp-Augrg-XVNrnFaurp9eFD8dxVG4LDfcH6jhiFi24=&xsec_source=pc_search,防晒霜推荐,ABfRp-Augrg-XVNrnFaurp9eFD8dxVG4LDfcH6jhiFi24=
